categoria_mr,subcategoria_mr,nombre_producto,slug,url_completa,imagen_url
Soportes para rodamientos,Soportes Bipartidos,Soportes SNL,soportes-snl,https://mraccesoriosindustriales.com.ar/soportes-snl,https://ss-cnt-001c.esmsv.com/r/content/host1/bdd8cf8fe5a4915516c7492d106a6977//img/products/1X1rVXZna8-720.webp
Soportes para rodamientos,Soportes Bipartidos,Soportes SAF,soportes-saf,https://mraccesoriosindustriales.com.ar/soportes-saf,https://ss-cnt-001c.esmsv.com/r/content/host1/bdd8cf8fe5a4915516c7492d106a6977//img/products/OesmWlXoCe3-720.webp
Soportes para rodamientos,Soportes Bipartidos,Soportes SN,soportes-sn,https://mraccesoriosindustriales.com.ar/soportes-sn,https://ss-cnt-001c.esmsv.com/r/content/host1/bdd8cf8fe5a4915516c7492d106a6977//img/products/EqzQRTShfM-720.webp
Soportes para rodamientos,Soportes Bipartidos,Soportes FNL/722500 Triangulares,soportes-fnl-722500-triangulares,https://mraccesoriosindustriales.com.ar/soportes-fnl-722500-triangulares,https://ss-cnt-001c.esmsv.com/r/content/host1/bdd8cf8fe5a4915516c7492d106a6977//img/products/uMkGctaZZQ-720.webp
Soportes para rodamientos,Soportes Bipartidos,Soportes FNL/722500 Cuadrados,soportes-fnl-722500-cuadrados,https://mraccesoriosindustriales.com.ar/soportes-fnl-722500-cuadrados,https://ss-cnt-001c.esmsv.com/r/content/host1/bdd8cf8fe5a4915516c7492d106a6977//img/products/bpbRXeluit-720.webp
Soportes para rodamientos,Soportes Bipartidos,Soportes SONL,soportes-sonl,https://mraccesoriosindustriales.com.ar/soportes-sonl,https://ss-cnt-001c.esmsv.com/r/content/host1/bdd8cf8fe5a4915516c7492d106a6977//img/products/bXimrPsTA9-720.webp
Soportes para rodamientos,Soportes Bipartidos,Soportes TVN,soportes-tvn,https://mraccesoriosindustriales.com.ar/soportes-tvn,https://ss-cnt-001c.esmsv.com/r/content/host1/bdd8cf8fe5a4915516c7492d106a6977//img/products/Rez7O9PJir-720.webp
Soportes para rodamientos,Soportes Especiales,P2B-DI-107RE DBL ENCLAVAMIENTO,p2b-di-107re-dbl-enclavamiento,https://mraccesoriosindustriales.com.ar/p2b-di-107re-dbl-enclavamiento,https://ss-cnt-001c.esmsv.com/r/content/host1/bdd8cf8fe5a4915516c7492d106a6977//img/products/ckEuHfdGkU-720.webp
Soportes para rodamientos,Soportes Especiales,F4B-E-110R TYPE E-XTRA,f4b-e-110r-type-e-xtra,https://mraccesoriosindustriales.com.ar/f4b-e-110r-type-e-xtra,https://ss-cnt-001c.esmsv.com/r/content/host1/bdd8cf8fe5a4915516c7492d106a6977//img/products/n4rw8q4zga-720.webp
Soportes para rodamientos,Soportes Especiales,P2B-E-207R TYPE E-XTRA,p2b-e-207r-type-e-xtra,https://mraccesoriosindustriales.com.ar/p2b-e-207r-type-e-xtra,https://ss-cnt-001c.esmsv.com/r/content/host1/bdd8cf8fe5a4915516c7492d106a6977//img/products/lPjQU32xa4-720.webp
Soportes para rodamientos,Soportes Especiales,SOPORTE P2B-S2-207RE DODGE 070305,soporte-p2b-s2-207re-dodge-070305,https://mraccesoriosindustriales.com.ar/soporte-p2b-s2-207re-dodge-070305,https://ss-cnt-001c.esmsv.com/r/content/host1/bdd8cf8fe5a4915516c7492d106a6977//img/products/mYRRI6oW4e-720.webp
Soportes para rodamientos,Soportes Especiales,SOPORTE DE APOYO DE FUNDICION CON TALADRO PASANTE REF. DODGE,soporte-de-apoyo-de-fundicion-con-taladro-pasante-ref-dodge,https://mraccesoriosindustriales.com.ar/soporte-de-apoyo-de-fundicion-con-taladro-pasante-ref-dodge,https://ss-cnt-001c.esmsv.com/r/content/host1/bdd8cf8fe5a4915516c7492d106a6977//img/products/IzvZcXa96Z-720.webp
Soportes para rodamientos,Soportes Especiales,Soporte partido: rodamiento de rodillos cilíndricos,soporte-partido-rodamiento-de-rodillos-cilindricos,https://mraccesoriosindustriales.com.ar/soporte-partido-rodamiento-de-rodillos-cilindricos,https://ss-cnt-001c.esmsv.com/r/content/host1/bdd8cf8fe5a4915516c7492d106a6977//img/products/jciNR7wfxS-720.webp
Soportes para rodamientos,Soportes Especiales,SOPORTES DE RODAMIENTOS DE RODILLOS CÓNICOS DE TIPO E,soportes-de-rodamientos-de-rodillos-conicos-de-tipo-e,https://mraccesoriosindustriales.com.ar/soportes-de-rodamientos-de-rodillos-conicos-de-tipo-e,https://ss-cnt-001c.esmsv.com/r/content/host1/bdd8cf8fe5a4915516c7492d106a6977//img/products/kOAhmXSKLt-720.webp
Soportes para rodamientos,Soportes Especiales,SOPORTES SÓLIDOS DE RODAMIENTO DE RODILLOS ESFÉRICOS,soportes-solidos-de-rodamiento-de-rodillos-esfericos,https://mraccesoriosindustriales.com.ar/soportes-solidos-de-rodamiento-de-rodillos-esfericos,https://ss-cnt-001c.esmsv.com/r/content/host1/bdd8cf8fe5a4915516c7492d106a6977//img/products/pPy3A2Dasb-720.webp
Soportes para rodamientos,Soportes Autocentrantes,Soportes con carcasa Poly-Round® resistentes a la corrosión,soportes-con-carcasa-poly-round-resistentes-a-la-corrosion,https://mraccesoriosindustriales.com.ar/soportes-con-carcasa-poly-round-resistentes-a-la-corrosion,https://ss-cnt-001c.esmsv.com/r/content/host1/bdd8cf8fe5a4915516c7492d106a6977//img/products/yoGnkSYM5a-720.webp
Soportes para rodamientos,Soportes Autocentrantes,Soporte Autocentrante Ovalado - UCFL,soporte-autocentrante-ovalado-ucfl,https://mraccesoriosindustriales.com.ar/soporte-autocentrante-ovalado-ucfl,https://ss-cnt-001c.esmsv.com/r/content/host1/bdd8cf8fe5a4915516c7492d106a6977//img/products/6vUyhZfHo8-720.webp
Soportes para rodamientos,Soportes Autocentrantes,Soporte Autocentrante Con Rodamiento - UCP,soporte-autocentrante-con-rodamiento-ucp,https://mraccesoriosindustriales.com.ar/soporte-autocentrante-con-rodamiento-ucp,https://ss-cnt-001c.esmsv.com/r/content/host1/bdd8cf8fe5a4915516c7492d106a6977//img/products/pp0GmeBHgp-720.webp
Soportes para rodamientos,Soportes Autocentrantes,Soporte Cuadrado Con Rodamiento - UCF,soporte-cuadrado-con-rodamiento-ucf,https://mraccesoriosindustriales.com.ar/soporte-cuadrado-con-rodamiento-ucf,https://ss-cnt-001c.esmsv.com/r/content/host1/bdd8cf8fe5a4915516c7492d106a6977//img/products/cyshvm1AXj-720.webp
Soportes para rodamientos,Soportes Autocentrantes,Soporte autocentrante - UCT,soporte-autocentrante-uct,https://mraccesoriosindustriales.com.ar/soporte-autocentrante-uct,https://ss-cnt-001c.esmsv.com/r/content/host1/bdd8cf8fe5a4915516c7492d106a6977//img/products/4xEjB3NIsw-720.webp
Soportes para rodamientos,Soportes Autocentrantes,Soportes autocentrantes - UCHA,soportes-autocentrantes-ucha,https://mraccesoriosindustriales.com.ar/soportes-autocentrantes-ucha,https://ss-cnt-001c.esmsv.com/r/content/host1/bdd8cf8fe5a4915516c7492d106a6977//img/products/yJjsxNqzYM-720.webp
Soportes para rodamientos,Soportes Autocentrantes,Soportes autocentrantes - UCFB,soportes-autocentrantes-ucfb,https://mraccesoriosindustriales.com.ar/soportes-autocentrantes-ucfb,https://ss-cnt-001c.esmsv.com/r/content/host1/bdd8cf8fe5a4915516c7492d106a6977//img/products/MITgNsu71T-720.webp
Soportes para rodamientos,Soportes Autocentrantes,Soporte Cuadrado Con Rodamiento - UCPA,soporte-cuadrado-con-rodamiento-ucpa,https://mraccesoriosindustriales.com.ar/soporte-cuadrado-con-rodamiento-ucpa,https://ss-cnt-001c.esmsv.com/r/content/host1/bdd8cf8fe5a4915516c7492d106a6977//img/products/5WXQfCPvDQ-720.webp
Calentadores de Rodamientos,,Calentadores de Inducción - Rodamientos,calentadores-de-induccion-rodamientos,https://mraccesoriosindustriales.com.ar/calentadores-de-induccion-rodamientos,https://ss-cnt-001c.esmsv.com/r/content/host1/bdd8cf8fe5a4915516c7492d106a6977//img/products/UPMRpdZKmw-720.webp
Calentadores de Rodamientos,,Calentador de inducción portátil,calentador-de-induccion-portatil,https://mraccesoriosindustriales.com.ar/calentador-de-induccion-portatil,https://ss-cnt-001c.esmsv.com/r/content/host1/bdd8cf8fe5a4915516c7492d106a6977//img/products/0901d19680941fd9pnghighpreview800-720.webp
Calentadores de Rodamientos,,Calentador de inducción pequeño,calentador-de-induccion-pequeno-2,https://mraccesoriosindustriales.com.ar/calentador-de-induccion-pequeno-2,https://ss-cnt-001c.esmsv.com/r/content/host1/bdd8cf8fe5a4915516c7492d106a6977//img/products/0901d196809266b7pnghighpreview800-720.webp
Calentadores de Rodamientos,,Calentador de inducción portátil compacto,calentador-de-induccion-portatil-compacto,https://mraccesoriosindustriales.com.ar/calentador-de-induccion-portatil-compacto,https://ss-cnt-001c.esmsv.com/r/content/host1/bdd8cf8fe5a4915516c7492d106a6977//img/products/094b7e9f889962b4pnghighpreview800-720.webp
Extractores de Rodamientos,,Extractores Mecánicos para Rodamientos,extractores-mecanicos-para-rodamientos,https://mraccesoriosindustriales.com.ar/extractores-mecanicos-para-rodamientos,https://ss-cnt-001c.esmsv.com/r/content/host1/bdd8cf8fe5a4915516c7492d106a6977//img/products/58bX4v189d-720.webp
Extractores de Rodamientos,,Extractores Hidráulicos para Rodamientos,extractores-hidraulicos-para-rodamientos,https://mraccesoriosindustriales.com.ar/extractores-hidraulicos-para-rodamientos,https://ss-cnt-001c.esmsv.com/r/content/host1/bdd8cf8fe5a4915516c7492d106a6977//img/products/SZ0R1aT9Bp-720.webp
Extractores de Rodamientos,,Conjuntos de extractores de garras hidráulicos EasyPull,conjuntos-de-extractores-de-garras-hidraulicos-easypull,https://mraccesoriosindustriales.com.ar/conjuntos-de-extractores-de-garras-hidraulicos-easypull,https://ss-cnt-001c.esmsv.com/r/content/host1/bdd8cf8fe5a4915516c7492d106a6977//img/products/TxCZJ4zdV6-720.webp
Alineadores,,Alineadores de Poleas,alineadores-de-poleas,https://mraccesoriosindustriales.com.ar/alineadores-de-poleas,https://ss-cnt-001c.esmsv.com/r/content/host1/bdd8cf8fe5a4915516c7492d106a6977//img/products/KGq2TYh6Xs-720.webp
Alineadores,,Alineador de Ejes,alineador-de-ejes,https://mraccesoriosindustriales.com.ar/alineador-de-ejes,https://ss-cnt-001c.esmsv.com/r/content/host1/bdd8cf8fe5a4915516c7492d106a6977//img/products/CB200-TKSA41-500x500-720.webp
Alineadores,,Alineador de poleas TKBA 40,alineador-de-poleas-tkba-40,https://mraccesoriosindustriales.com.ar/alineador-de-poleas-tkba-40,https://ss-cnt-001c.esmsv.com/r/content/host1/bdd8cf8fe5a4915516c7492d106a6977//img/products/Alineador-SKF-720.webp
Automotor,,Rodamientos de rueda,rodamientos-de-rueda,https://mraccesoriosindustriales.com.ar/rodamientos-de-rueda,https://ss-cnt-001c.esmsv.com/r/content/host1/bdd8cf8fe5a4915516c7492d106a6977//img/products/DNQNP925021-MLA75128153333032024-O-720.webp
Automotor,,Kit de Distribución,kit-de-distribucion,https://mraccesoriosindustriales.com.ar/kit-de-distribucion,https://ss-cnt-001c.esmsv.com/r/content/host1/bdd8cf8fe5a4915516c7492d106a6977//img/products/DNQNP618216-MLA31909983909082019-O-720.webp
Automotor,,Kit de Embrague,kit-de-embrague,https://mraccesoriosindustriales.com.ar/kit-de-embrague,https://ss-cnt-001c.esmsv.com/r/content/host1/bdd8cf8fe5a4915516c7492d106a6977//img/products/DNQNP897113-MLA42899234488072020-O-720.webp
Automotor,,Correa Poly V,correa-poly-v,https://mraccesoriosindustriales.com.ar/correa-poly-v,https://ss-cnt-001c.esmsv.com/r/content/host1/bdd8cf8fe5a4915516c7492d106a6977//img/products/IDWLzq9K8P6jwkRrZ4DAbD4V6cVzA4Yn-720.webp
Automotor,,Bomba de Agua,bomba-de-agua,https://mraccesoriosindustriales.com.ar/bomba-de-agua,https://ss-cnt-001c.esmsv.com/r/content/host1/bdd8cf8fe5a4915516c7492d106a6977//img/products/skf-bombas-de-agua-para-vehiculo-industrial-690x576-720.webp
Rodamientos,,Rodamientos Línea 6200 2rs/2z,rodamientos-linea-6000-2rs-2z-2,https://mraccesoriosindustriales.com.ar/rodamientos-linea-6000-2rs-2z-2,https://ss-cnt-001c.esmsv.com/r/content/host1/bdd8cf8fe5a4915516c7492d106a6977//img/products/Agregarunsubttulo-(3960)-720.webp
Rodamientos,,Rodamientos Línea 6000 2rs/2z,rodamientos-linea-6000-2rs-2z,https://mraccesoriosindustriales.com.ar/rodamientos-linea-6000-2rs-2z,https://ss-cnt-001c.esmsv.com/r/content/host1/bdd8cf8fe5a4915516c7492d106a6977//img/products/Agregarunsubttulo-(3960)-720.webp
Rodamientos,,Rodamientos Línea 6300 2RS/2Z,rodamientos-linea-6300-2rs-2z,https://mraccesoriosindustriales.com.ar/rodamientos-linea-6300-2rs-2z,https://ss-cnt-001c.esmsv.com/r/content/host1/bdd8cf8fe5a4915516c7492d106a6977//img/products/Agregarunsubttulo-(3960)-720.webp
Rodamientos,,Rodamientos Autocentrantes UC,rodamientos-autocentrantes-uc,https://mraccesoriosindustriales.com.ar/rodamientos-autocentrantes-uc,https://ss-cnt-001c.esmsv.com/r/content/host1/bdd8cf8fe5a4915516c7492d106a6977//img/products/DNQNP966170-MLA51776105578092022-O-720.webp
Rodamientos,,Rodamientos Línea 22200,rodamientos-linea-22200,https://mraccesoriosindustriales.com.ar/rodamientos-linea-22200,https://ss-cnt-001c.esmsv.com/r/content/host1/bdd8cf8fe5a4915516c7492d106a6977//img/products/0901d196808e8910pnghighpreview-720.webp
Rodamientos,,Rodamientos a bolas,rodamientos-a-bolas,https://mraccesoriosindustriales.com.ar/rodamientos-a-bolas,https://ss-cnt-001c.esmsv.com/r/content/host1/bdd8cf8fe5a4915516c7492d106a6977//img/products/Wgd7kYxcjC-720.webp
Rodamientos,,Rodamientos de agujas,rodamientos-de-agujas,https://mraccesoriosindustriales.com.ar/rodamientos-de-agujas,https://ss-cnt-001c.esmsv.com/r/content/host1/bdd8cf8fe5a4915516c7492d106a6977//img/products/ig4cpKs0zO-720.webp
Rodamientos,,Rodamientos de rodillos cilíndricos,rodamientos-de-rodillos-cilindricos,https://mraccesoriosindustriales.com.ar/rodamientos-de-rodillos-cilindricos,https://ss-cnt-001c.esmsv.com/r/content/host1/bdd8cf8fe5a4915516c7492d106a6977//img/products/LpwbBTYExl-720.webp
Rodamientos,,Rodamientos de Rodillos Cónicos,rodamientos-de-rodillos-conicos,https://mraccesoriosindustriales.com.ar/rodamientos-de-rodillos-conicos,https://ss-cnt-001c.esmsv.com/r/content/host1/bdd8cf8fe5a4915516c7492d106a6977//img/products/ATIxBYYZXC-720.webp
Rodamientos,,Rodamientos Especiales,rodamientos-especiales,https://mraccesoriosindustriales.com.ar/rodamientos-especiales,https://ss-cnt-001c.esmsv.com/r/content/host1/bdd8cf8fe5a4915516c7492d106a6977//img/products/6YjPpg1fJW-720.webp
Rodamientos,,Rodamientos Inoxidables,rodamientos-inoxidables,https://mraccesoriosindustriales.com.ar/rodamientos-inoxidables,https://ss-cnt-001c.esmsv.com/r/content/host1/bdd8cf8fe5a4915516c7492d106a6977//img/products/1C1skbF21r-720.webp
Rodamientos,,Rodamientos de Contacto Angular,rodamientos-de-contacto-angular,https://mraccesoriosindustriales.com.ar/rodamientos-de-contacto-angular,https://ss-cnt-001c.esmsv.com/r/content/host1/bdd8cf8fe5a4915516c7492d106a6977//img/products/YnWbBQTOML-720.webp
Rodamientos,,Rodamientos Axiales,rodamientos-axiales,https://mraccesoriosindustriales.com.ar/rodamientos-axiales,https://ss-cnt-001c.esmsv.com/r/content/host1/bdd8cf8fe5a4915516c7492d106a6977//img/products/sgHIrcw90L-720.webp
Rodamientos,,Rodamientos para Altas Temperaturas,rodamientos-para-altas-temperaturas,https://mraccesoriosindustriales.com.ar/rodamientos-para-altas-temperaturas,https://ss-cnt-001c.esmsv.com/r/content/host1/bdd8cf8fe5a4915516c7492d106a6977//img/products/ebkHkBORgt-720.webp
Rodamientos,,Rodamientos de Precisión,rodamientos-de-precision,https://mraccesoriosindustriales.com.ar/rodamientos-de-precision,https://ss-cnt-001c.esmsv.com/r/content/host1/bdd8cf8fe5a4915516c7492d106a6977//img/products/mekNoJZkJF-720.webp
Rodamientos,,Rodamientos Partidos,rodamientos-partidos,https://mraccesoriosindustriales.com.ar/rodamientos-partidos,https://ss-cnt-001c.esmsv.com/r/content/host1/bdd8cf8fe5a4915516c7492d106a6977//img/products/E4hMk366fE-720.webp
Rodamientos,,Rodamientos Ferroviarios,rodamientos-ferroviarios,https://mraccesoriosindustriales.com.ar/rodamientos-ferroviarios,https://ss-cnt-001c.esmsv.com/r/content/host1/bdd8cf8fe5a4915516c7492d106a6977//img/products/CXFTVI0Lre-720.webp
Rodamientos,,Rodamientos para Laminadores,rodamientos-para-laminadores,https://mraccesoriosindustriales.com.ar/rodamientos-para-laminadores,https://ss-cnt-001c.esmsv.com/r/content/host1/bdd8cf8fe5a4915516c7492d106a6977//img/products/dRvfc6JI0F-720.webp
Rodamientos,,Rodamientos Cilíndricos Heavy Duty,rodamientos-cilindricos-heavy-duty,https://mraccesoriosindustriales.com.ar/rodamientos-cilindricos-heavy-duty,https://ss-cnt-001c.esmsv.com/r/content/host1/bdd8cf8fe5a4915516c7492d106a6977//img/products/lqdNxEFe9k-720.webp
Rodamientos,,Rodamientos Aislantes al paso de Corriente,rodamientos-aislantes-al-paso-de-corriente,https://mraccesoriosindustriales.com.ar/rodamientos-aislantes-al-paso-de-corriente,https://ss-cnt-001c.esmsv.com/r/content/host1/bdd8cf8fe5a4915516c7492d106a6977//img/products/XownzZlbMf-720.webp
Rodamientos,,Rodillo de Leva,rodillo-de-leva,https://mraccesoriosindustriales.com.ar/rodillo-de-leva,https://ss-cnt-001c.esmsv.com/r/content/host1/bdd8cf8fe5a4915516c7492d106a6977//img/products/bWB9eeNYuK-720.webp
Rodamientos,,Rodamientos de rueda,rodamientos-de-rueda,https://mraccesoriosindustriales.com.ar/rodamientos-de-rueda,https://ss-cnt-001c.esmsv.com/r/content/host1/bdd8cf8fe5a4915516c7492d106a6977//img/products/DNQNP925021-MLA75128153333032024-O-720.webp
Acoplamientos,,Acoplamientos de brida Tru-Line RFK,acoplamientos-de-brida-tru-line-rfk,https://mraccesoriosindustriales.com.ar/acoplamientos-de-brida-tru-line-rfk,https://ss-cnt-001c.esmsv.com/r/content/host1/bdd8cf8fe5a4915516c7492d106a6977//img/products/9rc83ZqKmH-720.webp
Acoplamientos,,Acoplamientos de engranajes,acoplamientos-de-engranajes,https://mraccesoriosindustriales.com.ar/acoplamientos-de-engranajes,https://ss-cnt-001c.esmsv.com/r/content/host1/bdd8cf8fe5a4915516c7492d106a6977//img/products/wNogznFQ9k-720.webp
Acoplamientos,,Limitadores de par positivos,limitadores-de-par-positivos,https://mraccesoriosindustriales.com.ar/limitadores-de-par-positivos,https://ss-cnt-001c.esmsv.com/r/content/host1/bdd8cf8fe5a4915516c7492d106a6977//img/products/9WxO4x9lIl-720.webp
Acoplamientos,,Embragues,embragues,https://mraccesoriosindustriales.com.ar/embragues,https://ss-cnt-001c.esmsv.com/r/content/host1/bdd8cf8fe5a4915516c7492d106a6977//img/products/5jgUw2TRp0-720.webp
Acoplamientos,,Acoples de Mordaza,acoples-de-mordaza,https://mraccesoriosindustriales.com.ar/acoples-de-mordaza,https://ss-cnt-001c.esmsv.com/r/content/host1/bdd8cf8fe5a4915516c7492d106a6977//img/products/r2Gc9nu5UC-720.webp
Acoplamientos,,Acoplamientos flexibles,acoplamientos-flexibles,https://mraccesoriosindustriales.com.ar/acoplamientos-flexibles,https://ss-cnt-001c.esmsv.com/r/content/host1/bdd8cf8fe5a4915516c7492d106a6977//img/products/X1gprnzmy8-720.webp
Acoplamientos,,Línea AN,linea-an,https://mraccesoriosindustriales.com.ar/linea-an,https://ss-cnt-001c.esmsv.com/r/content/host1/bdd8cf8fe5a4915516c7492d106a6977//img/products/tDunjLVjw8-720.webp
Acoplamientos,,LÍNEA BR,linea-br,https://mraccesoriosindustriales.com.ar/linea-br,https://ss-cnt-001c.esmsv.com/r/content/host1/bdd8cf8fe5a4915516c7492d106a6977//img/products/uqI4ZH1MG9-720.webp
Acoplamientos,,LÍNEA HSD,linea-hsd,https://mraccesoriosindustriales.com.ar/linea-hsd,https://ss-cnt-001c.esmsv.com/r/content/host1/bdd8cf8fe5a4915516c7492d106a6977//img/products/UMpa6C8Wfl-720.webp
Acoplamientos,,LÍNEA AD,linea-ad,https://mraccesoriosindustriales.com.ar/linea-ad,https://ss-cnt-001c.esmsv.com/r/content/host1/bdd8cf8fe5a4915516c7492d106a6977//img/products/GT1Ba8jRES-720.webp
Acoplamientos,,LÍNEA M,linea-m,https://mraccesoriosindustriales.com.ar/linea-m,https://ss-cnt-001c.esmsv.com/r/content/host1/bdd8cf8fe5a4915516c7492d106a6977//img/products/VDrHJwvDvN-720.webp
Acoplamientos,,"Acoplamiento elástico con estrella de nitrilo, tipo M-1B",acoplamiento-elastico-con-estrella-de-nitrilo-tipo-m-1b,https://mraccesoriosindustriales.com.ar/acoplamiento-elastico-con-estrella-de-nitrilo-tipo-m-1b,https://ss-cnt-001c.esmsv.com/r/content/host1/bdd8cf8fe5a4915516c7492d106a6977//img/products/0029319acoplamiento-elastico-con-estrella-de-nitrilo-tipo-m-1b-y-su-repuesto-720.webp
Acoplamientos,,"Acoplamiento semi-elástico de disco, tipo T-60",acoplamiento-semi-elastico-de-disco-tipo-t-60,https://mraccesoriosindustriales.com.ar/acoplamiento-semi-elastico-de-disco-tipo-t-60,https://ss-cnt-001c.esmsv.com/r/content/host1/bdd8cf8fe5a4915516c7492d106a6977//img/products/0029322acoplamiento-semi-elastico-de-disco-tipo-t-60-y-su-repuesto550-720.webp
Acoplamientos,,"ACOPLAMIENTO FLEXIBLE SERIE ""E"" TIPO REX OMEGA E60",acoplamiento-flexible-serie-e-tipo-rex-omega-e60,https://mraccesoriosindustriales.com.ar/acoplamiento-flexible-serie-e-tipo-rex-omega-e60,https://ss-cnt-001c.esmsv.com/r/content/host1/bdd8cf8fe5a4915516c7492d106a6977//img/products/0073545acoples-flexible-rex-omega-720.webp
Acoplamientos,,Acople FUNDAL Modelo FAS,acople-fundal-modelo-fas,https://mraccesoriosindustriales.com.ar/acople-fundal-modelo-fas,https://ss-cnt-001c.esmsv.com/r/content/host1/bdd8cf8fe5a4915516c7492d106a6977//img/products/0073534acople-fundal-modelo-fas-720.webp
Acoplamientos,,Repuesto Estrella Acople,repuesto-estrella-acople,https://mraccesoriosindustriales.com.ar/repuesto-estrella-acople,https://ss-cnt-001c.esmsv.com/r/content/host1/bdd8cf8fe5a4915516c7492d106a6977//img/products/0037433repuesto-estrella-acople-hc-7-fier700-lovejoy-720.webp
Acoplamientos,,Acoplamiento a cadena INT,acoplamiento-a-cadena-int,https://mraccesoriosindustriales.com.ar/acoplamiento-a-cadena-int,https://ss-cnt-001c.esmsv.com/r/content/host1/bdd8cf8fe5a4915516c7492d106a6977//img/products/0029175acoplamiento-a-cadena-int-codigo-12020-con-sus-variantes-y-repuestos-720.webp
Acoplamientos,,Acople Periflex de banda partida,acople-periflex-de-banda-partida,https://mraccesoriosindustriales.com.ar/acople-periflex-de-banda-partida,https://ss-cnt-001c.esmsv.com/r/content/host1/bdd8cf8fe5a4915516c7492d106a6977//img/products/0033541acople-periflex-de-banda-partida-06-1-con-sus-variantes-y-repuestos-720.webp
Bujes,,"Bujes (manguitos) de fijación | H, HE, HA, HS",bujes-manguitos-de-fijacion-h-he-ha-hs,https://mraccesoriosindustriales.com.ar/bujes-manguitos-de-fijacion-h-he-ha-hs,https://ss-cnt-001c.esmsv.com/r/content/host1/bdd8cf8fe5a4915516c7492d106a6977//img/products/ChpFgJCUdr-720.webp
Bujes,,Bujes (manguitos) de fijación hidráulica | OH,bujes-manguitos-de-fijacion-hidraulica-oh,https://mraccesoriosindustriales.com.ar/bujes-manguitos-de-fijacion-hidraulica-oh,https://ss-cnt-001c.esmsv.com/r/content/host1/bdd8cf8fe5a4915516c7492d106a6977//img/products/sEAV8JEFyq-720.webp
Bujes,,"Bujes (manguitos) de desmontaje | AH, AHX",bujes-manguitos-de-desmontaje-ah-ahx,https://mraccesoriosindustriales.com.ar/bujes-manguitos-de-desmontaje-ah-ahx,https://ss-cnt-001c.esmsv.com/r/content/host1/bdd8cf8fe5a4915516c7492d106a6977//img/products/SFabr0Ac3B-720.webp
Bujes,,Bujes (manguitos) de desmontaje hidráulico | AOH,bujes-manguitos-de-desmontaje-hidraulico-aoh,https://mraccesoriosindustriales.com.ar/bujes-manguitos-de-desmontaje-hidraulico-aoh,https://ss-cnt-001c.esmsv.com/r/content/host1/bdd8cf8fe5a4915516c7492d106a6977//img/products/gvw0DbaAgg-720.webp
Cadenas Industriales,,Cadena de Rodillos ASA y BS,cadena-de-rodillos-asa-y-bs,https://mraccesoriosindustriales.com.ar/cadena-de-rodillos-asa-y-bs,https://ss-cnt-001c.esmsv.com/r/content/host1/bdd8cf8fe5a4915516c7492d106a6977//img/products/NeL5FNvjkV-720.webp
Cadenas Industriales,,Cadena con Aletas,cadena-con-aletas,https://mraccesoriosindustriales.com.ar/cadena-con-aletas,https://ss-cnt-001c.esmsv.com/r/content/host1/bdd8cf8fe5a4915516c7492d106a6977//img/products/2vIQEUhsDa-720.webp
Cadenas Industriales,,Cadena Anti-Corrosión,cadena-anti-corrosion,https://mraccesoriosindustriales.com.ar/cadena-anti-corrosion,https://ss-cnt-001c.esmsv.com/r/content/host1/bdd8cf8fe5a4915516c7492d106a6977//img/products/wZtCuBnwCP-720.webp
Cadenas Industriales,,Cadena de Rodillos sin Lubricación,cadena-de-rodillos-sin-lubricacion,https://mraccesoriosindustriales.com.ar/cadena-de-rodillos-sin-lubricacion,https://ss-cnt-001c.esmsv.com/r/content/host1/bdd8cf8fe5a4915516c7492d106a6977//img/products/N4h4nqiiVN-720.webp
Cadenas Industriales,,Cadena de Rodillos para Trabajos Pesados ANSI,cadena-de-rodillos-para-trabajos-pesados-ansi,https://mraccesoriosindustriales.com.ar/cadena-de-rodillos-para-trabajos-pesados-ansi,https://ss-cnt-001c.esmsv.com/r/content/host1/bdd8cf8fe5a4915516c7492d106a6977//img/products/PBFSsqtQM7-720.webp
Cadenas Industriales,,Cadena Antipolvo y Abrasivos,cadena-antipolvo-y-abrasivos,https://mraccesoriosindustriales.com.ar/cadena-antipolvo-y-abrasivos,https://ss-cnt-001c.esmsv.com/r/content/host1/bdd8cf8fe5a4915516c7492d106a6977//img/products/SnIkX5M9gL-720.webp
Cadenas Industriales,,Cadenas Especiales,cadenas-especiales,https://mraccesoriosindustriales.com.ar/cadenas-especiales,https://ss-cnt-001c.esmsv.com/r/content/host1/bdd8cf8fe5a4915516c7492d106a6977//img/products/oZFxiYA8A8-720.webp
Cadenas Industriales,,Cadena ASA doble,cadena-asa-doble,https://mraccesoriosindustriales.com.ar/cadena-asa-doble,https://ss-cnt-001c.esmsv.com/r/content/host1/bdd8cf8fe5a4915516c7492d106a6977//img/products/files6y2XJ-720.webp
Cadenas Industriales,,Cadena ASA Triple,cadena-asa-triple,https://mraccesoriosindustriales.com.ar/cadena-asa-triple,https://ss-cnt-001c.esmsv.com/r/content/host1/bdd8cf8fe5a4915516c7492d106a6977//img/products/filewla39Z-720.webp
Cadenas Industriales,,Cadena ASA Cuádruple,cadena-asa-cuadruple,https://mraccesoriosindustriales.com.ar/cadena-asa-cuadruple,https://ss-cnt-001c.esmsv.com/r/content/host1/bdd8cf8fe5a4915516c7492d106a6977//img/products/filebMWRay-720.webp
Cadenas Industriales,,Cadena ASA 40,cadena-asa-40,https://mraccesoriosindustriales.com.ar/cadena-asa-40,https://ss-cnt-001c.esmsv.com/r/content/host1/bdd8cf8fe5a4915516c7492d106a6977//img/products/DNQNP899723-MLA73225484826122023-O-720.webp
Cadenas Industriales,,Cadena ASA 60,cadena-asa-60,https://mraccesoriosindustriales.com.ar/cadena-asa-60,https://ss-cnt-001c.esmsv.com/r/content/host1/bdd8cf8fe5a4915516c7492d106a6977//img/products/DNQNP899723-MLA73225484826122023-O-720.webp
Cadenas Industriales,,Cadena ASA 80,cadena-asa-80,https://mraccesoriosindustriales.com.ar/cadena-asa-80,https://ss-cnt-001c.esmsv.com/r/content/host1/bdd8cf8fe5a4915516c7492d106a6977//img/products/DNQNP899723-MLA73225484826122023-O-720.webp
Cadenas Industriales,,Cadena ASA 100,cadena-asa-100,https://mraccesoriosindustriales.com.ar/cadena-asa-100,https://ss-cnt-001c.esmsv.com/r/content/host1/bdd8cf8fe5a4915516c7492d106a6977//img/products/DNQNP899723-MLA73225484826122023-O-720.webp
Cadenas Industriales,,Cadena ASA 120,cadena-asa-120,https://mraccesoriosindustriales.com.ar/cadena-asa-120,https://ss-cnt-001c.esmsv.com/r/content/host1/bdd8cf8fe5a4915516c7492d106a6977//img/products/DNQNP899723-MLA73225484826122023-O-720.webp
Correas Industriales,,Correas Multicanal,correas-multicanal,https://mraccesoriosindustriales.com.ar/correas-multicanal,https://ss-cnt-001c.esmsv.com/r/content/host1/bdd8cf8fe5a4915516c7492d106a6977//img/products/Ix1I2g5eGB-720.webp
Correas Industriales,,Correas Agricolas,correas-agricolas,https://mraccesoriosindustriales.com.ar/correas-agricolas,https://ss-cnt-001c.esmsv.com/r/content/host1/bdd8cf8fe5a4915516c7492d106a6977//img/products/HSNdb14Vde-720.webp
Correas Industriales,,Correa Sincrónicas,correa-sincronicas,https://mraccesoriosindustriales.com.ar/correa-sincronicas,https://ss-cnt-001c.esmsv.com/r/content/host1/bdd8cf8fe5a4915516c7492d106a6977//img/products/CWG5q0EoMq-720.webp
Correas Industriales,,Correas Dentadas,correas-dentadas,https://mraccesoriosindustriales.com.ar/correas-dentadas,https://ss-cnt-001c.esmsv.com/r/content/host1/bdd8cf8fe5a4915516c7492d106a6977//img/products/wLtX6zjJFM-720.webp
Correas Industriales,,Correas Dentadas Multicanal,correas-dentadas-multicanal,https://mraccesoriosindustriales.com.ar/correas-dentadas-multicanal,https://ss-cnt-001c.esmsv.com/r/content/host1/bdd8cf8fe5a4915516c7492d106a6977//img/products/ttl3QOSpqj-720.webp
Correas Industriales,,Correas Sección Clásica,correas-seccion-clasica,https://mraccesoriosindustriales.com.ar/correas-seccion-clasica,https://ss-cnt-001c.esmsv.com/r/content/host1/bdd8cf8fe5a4915516c7492d106a6977//img/products/pF1ZQvkJuK-720.webp
Correas Industriales,,Correas de Poliuretano,correas-de-poliuretano,https://mraccesoriosindustriales.com.ar/correas-de-poliuretano,https://ss-cnt-001c.esmsv.com/r/content/host1/bdd8cf8fe5a4915516c7492d106a6977//img/products/fEOwfCZZZk-720.webp
Correas Industriales,,Correa Poly V,correa-poly-v,https://mraccesoriosindustriales.com.ar/correa-poly-v,https://ss-cnt-001c.esmsv.com/r/content/host1/bdd8cf8fe5a4915516c7492d106a6977//img/products/IDWLzq9K8P6jwkRrZ4DAbD4V6cVzA4Yn-720.webp
Herramientas Industriales,,Kits Combinados,kits-combinados,https://mraccesoriosindustriales.com.ar/kits-combinados,https://ss-cnt-001c.esmsv.com/r/content/host1/bdd8cf8fe5a4915516c7492d106a6977//img/products/3FbzbUpvts1-720.webp
Herramientas Industriales,,Kits de herramientas para el montaje de rodamientos,kits-de-herramientas-para-el-montaje-de-rodamientos,https://mraccesoriosindustriales.com.ar/kits-de-herramientas-para-el-montaje-de-rodamientos,https://ss-cnt-001c.esmsv.com/r/content/host1/bdd8cf8fe5a4915516c7492d106a6977//img/products/d8dUbs9N1Y-720.webp
Herramientas Industriales,,Kit de Chapas Calibradas SKF,kit-de-chapas-calibradas-skf,https://mraccesoriosindustriales.com.ar/kit-de-chapas-calibradas-skf,https://ss-cnt-001c.esmsv.com/r/content/host1/bdd8cf8fe5a4915516c7492d106a6977//img/products/R7324791-01-720.webp
Grasas / Lubricación,,Lubricadores Automáticos de un solo punto,lubricadores-automaticos-de-un-solo-punto,https://mraccesoriosindustriales.com.ar/lubricadores-automaticos-de-un-solo-punto,https://ss-cnt-001c.esmsv.com/r/content/host1/bdd8cf8fe5a4915516c7492d106a6977//img/products/KTwfAucETs-720.webp
Grasas / Lubricación,,Grasas Linea LGMT,grasas-linea-lgmt,https://mraccesoriosindustriales.com.ar/grasas-linea-lgmt,https://ss-cnt-001c.esmsv.com/r/content/host1/bdd8cf8fe5a4915516c7492d106a6977//img/products/IkRuEKlrAt-720.webp
Grasas / Lubricación,,Grasas linea LGHP,grasas-linea-lghp,https://mraccesoriosindustriales.com.ar/grasas-linea-lghp,https://ss-cnt-001c.esmsv.com/r/content/host1/bdd8cf8fe5a4915516c7492d106a6977//img/products/y0yJkPv27l-720.webp
Grasas / Lubricación,,Grasa linea LGHQ,grasa-linea-lghq,https://mraccesoriosindustriales.com.ar/grasa-linea-lghq,https://ss-cnt-001c.esmsv.com/r/content/host1/bdd8cf8fe5a4915516c7492d106a6977//img/products/PSq0ZI8ITf-720.webp
Grasas / Lubricación,,Grasa LMCG 1,grasa-lmcg-1,https://mraccesoriosindustriales.com.ar/grasa-lmcg-1,https://ss-cnt-001c.esmsv.com/r/content/host1/bdd8cf8fe5a4915516c7492d106a6977//img/products/4JTwLdiONp-720.webp
Grasas / Lubricación,,Grasa LGWM 2,grasa-lgwm-2,https://mraccesoriosindustriales.com.ar/grasa-lgwm-2,https://ss-cnt-001c.esmsv.com/r/content/host1/bdd8cf8fe5a4915516c7492d106a6977//img/products/NUavkDuY0l-720.webp
Grasas / Lubricación,,Grasa LGEM 2,grasa-lgem-2,https://mraccesoriosindustriales.com.ar/grasa-lgem-2,https://ss-cnt-001c.esmsv.com/r/content/host1/bdd8cf8fe5a4915516c7492d106a6977//img/products/xoPbeSOqJ4-720.webp
Grasas / Lubricación,,Grasa LGFP 2,grasa-lgfp-2,https://mraccesoriosindustriales.com.ar/grasa-lgfp-2,https://ss-cnt-001c.esmsv.com/r/content/host1/bdd8cf8fe5a4915516c7492d106a6977//img/products/QyDwVx7cWu-720.webp
Módulos de giro,,Módulos de Giro,modulos-de-giro-2,https://mraccesoriosindustriales.com.ar/modulos-de-giro-2,https://ss-cnt-001c.esmsv.com/r/content/host1/bdd8cf8fe5a4915516c7492d106a6977//img/products/kQHSRgVSoD-720.webp
Módulos de giro,,Coronas de giro,coronas-de-giro,https://mraccesoriosindustriales.com.ar/coronas-de-giro,https://ss-cnt-001c.esmsv.com/r/content/host1/bdd8cf8fe5a4915516c7492d106a6977//img/products/x4O1xi1AVA-720.webp
Piñones,,Ruedas dentadas de paso único,ruedas-dentadas-de-paso-unico,https://mraccesoriosindustriales.com.ar/ruedas-dentadas-de-paso-unico,https://ss-cnt-001c.esmsv.com/r/content/host1/bdd8cf8fe5a4915516c7492d106a6977//img/products/DSg3pJGCdz-720.webp
Piñones,,Rueda dentada con rodillos estándar de paso doble,rueda-dentada-con-rodillos-estandar-de-paso-doble,https://mraccesoriosindustriales.com.ar/rueda-dentada-con-rodillos-estandar-de-paso-doble,https://ss-cnt-001c.esmsv.com/r/content/host1/bdd8cf8fe5a4915516c7492d106a6977//img/products/fnKpm0UmxG-720.webp
Piñones,,Discos de Friccion,discos-de-friccion,https://mraccesoriosindustriales.com.ar/discos-de-friccion,https://ss-cnt-001c.esmsv.com/r/content/host1/bdd8cf8fe5a4915516c7492d106a6977//img/products/LuYiLJnaF6-720.webp
Piñones,,Ruedas dentadas dobles,ruedas-dentadas-dobles,https://mraccesoriosindustriales.com.ar/ruedas-dentadas-dobles,https://ss-cnt-001c.esmsv.com/r/content/host1/bdd8cf8fe5a4915516c7492d106a6977//img/products/GLzpEV5Dmi-720.webp
Piñones,,Ruedas dentadas de acero divididas,ruedas-dentadas-de-acero-divididas,https://mraccesoriosindustriales.com.ar/ruedas-dentadas-de-acero-divididas,https://ss-cnt-001c.esmsv.com/r/content/host1/bdd8cf8fe5a4915516c7492d106a6977//img/products/zBySsirsUm-720.webp
Poleas,,Poleas de Maza Fija,poleas-de-maza-fija,https://mraccesoriosindustriales.com.ar/poleas-de-maza-fija,https://ss-cnt-001c.esmsv.com/r/content/host1/bdd8cf8fe5a4915516c7492d106a6977//img/products/S1WvDdWhQ6-720.webp
Poleas,,Poleas para bujes QD,poleas-para-bujes-qd,https://mraccesoriosindustriales.com.ar/poleas-para-bujes-qd,https://ss-cnt-001c.esmsv.com/r/content/host1/bdd8cf8fe5a4915516c7492d106a6977//img/products/6GVqCWRiAM-720.webp
Poleas,,Poleas para bujes tipo TB,poleas-para-bujes-tipo-tb,https://mraccesoriosindustriales.com.ar/poleas-para-bujes-tipo-tb,https://ss-cnt-001c.esmsv.com/r/content/host1/bdd8cf8fe5a4915516c7492d106a6977//img/products/Gqj4SzsyPM-720.webp
Poleas,,Poleas para acoples de bloqueo,poleas-para-acoples-de-bloqueo,https://mraccesoriosindustriales.com.ar/poleas-para-acoples-de-bloqueo,https://ss-cnt-001c.esmsv.com/r/content/host1/bdd8cf8fe5a4915516c7492d106a6977//img/products/FTz9KzVnty-720.webp
Poleas,,Poleas Especiales,poleas-especiales,https://mraccesoriosindustriales.com.ar/poleas-especiales,https://ss-cnt-001c.esmsv.com/r/content/host1/bdd8cf8fe5a4915516c7492d106a6977//img/products/JEVjHdnzPT-720.webp
Poleas,,Polea 1 Canal A,polea-1-canal-a,https://mraccesoriosindustriales.com.ar/polea-1-canal-a,https://ss-cnt-001c.esmsv.com/r/content/host1/bdd8cf8fe5a4915516c7492d106a6977//img/products/DNQNP2X802637-MLA74999514381032024-F-720.webp
Poleas,,Polea 1 canal B,polea-1-canal-b,https://mraccesoriosindustriales.com.ar/polea-1-canal-b,https://ss-cnt-001c.esmsv.com/r/content/host1/bdd8cf8fe5a4915516c7492d106a6977//img/products/DNQNP827029-MLA42584266007072020-O-720.webp
Poleas,,Polea 1 Canal C,polea-1-canal-c,https://mraccesoriosindustriales.com.ar/polea-1-canal-c,https://ss-cnt-001c.esmsv.com/r/content/host1/bdd8cf8fe5a4915516c7492d106a6977//img/products/DNQNP2X802637-MLA74999514381032024-F-720.webp
Poleas,,Polea 2 Canales A,polea-2-canales-a,https://mraccesoriosindustriales.com.ar/polea-2-canales-a,https://ss-cnt-001c.esmsv.com/r/content/host1/bdd8cf8fe5a4915516c7492d106a6977//img/products/0023945polea-rp-en-hierro-fundido-seccion-a-medida-50mm-2-canales550-720.webp
Poleas,,Polea 2 Canales B,polea-2-canales-b,https://mraccesoriosindustriales.com.ar/polea-2-canales-b,https://ss-cnt-001c.esmsv.com/r/content/host1/bdd8cf8fe5a4915516c7492d106a6977//img/products/DNQNP957158-MLA74650297781022024-O-720.webp
Poleas,,Polea 2 Canales C,polea-2-canales-c,https://mraccesoriosindustriales.com.ar/polea-2-canales-c,https://ss-cnt-001c.esmsv.com/r/content/host1/bdd8cf8fe5a4915516c7492d106a6977//img/products/DNQNP714941-MLA77650993872072024-O-720.webp
Poleas,,Polea 3 Canales C,polea-3-canales-c,https://mraccesoriosindustriales.com.ar/polea-3-canales-c,https://ss-cnt-001c.esmsv.com/r/content/host1/bdd8cf8fe5a4915516c7492d106a6977//img/products/DNQNP811306-MLA43298755343082020-O-720.webp
Poleas,,Polea 3 Canales B,polea-3-canales-b,https://mraccesoriosindustriales.com.ar/polea-3-canales-b,https://ss-cnt-001c.esmsv.com/r/content/host1/bdd8cf8fe5a4915516c7492d106a6977//img/products/images-720.webp
Poleas,,Polea 3 Canales A,polea-3-canales-a,https://mraccesoriosindustriales.com.ar/polea-3-canales-a,https://ss-cnt-001c.esmsv.com/r/content/host1/bdd8cf8fe5a4915516c7492d106a6977//img/products/images1-720.webp
Ruedas libres,,Ruedas Libres completas FB,ruedas-libres-completas-fb,https://mraccesoriosindustriales.com.ar/ruedas-libres-completas-fb,https://ss-cnt-001c.esmsv.com/r/content/host1/bdd8cf8fe5a4915516c7492d106a6977//img/products/7fFm7iuECF-720.webp
Ruedas libres,,Ruedas libres completas FKh,ruedas-libres-completas-fkh,https://mraccesoriosindustriales.com.ar/ruedas-libres-completas-fkh,https://ss-cnt-001c.esmsv.com/r/content/host1/bdd8cf8fe5a4915516c7492d106a6977//img/products/co5JMgfLM3-720.webp
Ruedas libres,,Ruedas libres completas FA,ruedas-libres-completas-fa,https://mraccesoriosindustriales.com.ar/ruedas-libres-completas-fa,https://ss-cnt-001c.esmsv.com/r/content/host1/bdd8cf8fe5a4915516c7492d106a6977//img/products/wlteVEgRYy-720.webp
Ruedas libres,,Antirretornos de Baja Velocidad FRHD,antirretornos-de-baja-velocidad-frhd,https://mraccesoriosindustriales.com.ar/antirretornos-de-baja-velocidad-frhd,https://ss-cnt-001c.esmsv.com/r/content/host1/bdd8cf8fe5a4915516c7492d106a6977//img/products/uFCr1GzhHF-720.webp
Ruedas libres,,Ruedas Libres internas,ruedas-libres-internas,https://mraccesoriosindustriales.com.ar/ruedas-libres-internas,https://ss-cnt-001c.esmsv.com/r/content/host1/bdd8cf8fe5a4915516c7492d106a6977//img/products/hXyfRHxsbm-720.webp
Ruedas libres,,Ruedas libres con carcasa,ruedas-libres-con-carcasa,https://mraccesoriosindustriales.com.ar/ruedas-libres-con-carcasa,https://ss-cnt-001c.esmsv.com/r/content/host1/bdd8cf8fe5a4915516c7492d106a6977//img/products/sUmduBtVBS-720.webp
Ruedas libres,,Ruedas Libres con base,ruedas-libres-con-base,https://mraccesoriosindustriales.com.ar/ruedas-libres-con-base,https://ss-cnt-001c.esmsv.com/r/content/host1/bdd8cf8fe5a4915516c7492d106a6977//img/products/FDGBUN5dXr-720.webp
Retenes,,Reten de Vitón,reten-de-viton,https://mraccesoriosindustriales.com.ar/reten-de-viton,https://ss-cnt-001c.esmsv.com/r/content/host1/bdd8cf8fe5a4915516c7492d106a6977//img/products/eNzk9E8Kg2-720.webp
Retenes,,Reten de Silicona,reten-de-silicona,https://mraccesoriosindustriales.com.ar/reten-de-silicona,https://ss-cnt-001c.esmsv.com/r/content/host1/bdd8cf8fe5a4915516c7492d106a6977//img/products/93Sf4Dn2jb-720.webp
Retenes,,Reten de Poliacrílico,reten-de-poliacrilico,https://mraccesoriosindustriales.com.ar/reten-de-poliacrilico,https://ss-cnt-001c.esmsv.com/r/content/host1/bdd8cf8fe5a4915516c7492d106a6977//img/products/WCt2nFepBp-720.webp
Retenes,,Reten de Nitrilo,reten-de-nitrilo,https://mraccesoriosindustriales.com.ar/reten-de-nitrilo,https://ss-cnt-001c.esmsv.com/r/content/host1/bdd8cf8fe5a4915516c7492d106a6977//img/products/Jkc6cbArru-720.webp
Sistemas lineales,,Serie CG,serie-cg,https://mraccesoriosindustriales.com.ar/serie-cg,https://ss-cnt-001c.esmsv.com/r/content/host1/bdd8cf8fe5a4915516c7492d106a6977//img/products/4cCTncIY0h-720.webp
Sistemas lineales,,Serie HG,serie-hg,https://mraccesoriosindustriales.com.ar/serie-hg,https://ss-cnt-001c.esmsv.com/r/content/host1/bdd8cf8fe5a4915516c7492d106a6977//img/products/Qlck9XFf7G-720.webp
Sistemas lineales,,Serie EG,serie-eg,https://mraccesoriosindustriales.com.ar/serie-eg,https://ss-cnt-001c.esmsv.com/r/content/host1/bdd8cf8fe5a4915516c7492d106a6977//img/products/5PJyrx1APf-720.webp
Sistemas lineales,,Guía LM (tipo bola completa),guia-lm-tipo-bola-completa,https://mraccesoriosindustriales.com.ar/guia-lm-tipo-bola-completa,https://ss-cnt-001c.esmsv.com/r/content/host1/bdd8cf8fe5a4915516c7492d106a6977//img/products/ZgR6eGdpRP-720.webp
Sistemas lineales,,Guía LM con tecnología de jaula de rodillos,guia-lm-con-tecnologia-de-jaula-de-rodillos,https://mraccesoriosindustriales.com.ar/guia-lm-con-tecnologia-de-jaula-de-rodillos,https://ss-cnt-001c.esmsv.com/r/content/host1/bdd8cf8fe5a4915516c7492d106a6977//img/products/o735JLtrSJ-720.webp
Tornillos de rosca recirculantes,,Tuerca única alta carga,tuerca-unica-alta-carga,https://mraccesoriosindustriales.com.ar/tuerca-unica-alta-carga,https://ss-cnt-001c.esmsv.com/r/content/host1/bdd8cf8fe5a4915516c7492d106a6977//img/products/KUzCJ3thvE-720.webp
Tornillos de rosca recirculantes,,Tuerca única para transporte,tuerca-unica-para-transporte,https://mraccesoriosindustriales.com.ar/tuerca-unica-para-transporte,https://ss-cnt-001c.esmsv.com/r/content/host1/bdd8cf8fe5a4915516c7492d106a6977//img/products/DSj9KKfB2h-720.webp
Tornillos de rosca recirculantes,,Tuerca doble giratoria con rodamiento de rodillos,tuerca-doble-giratoria-con-rodamiento-de-rodillos,https://mraccesoriosindustriales.com.ar/tuerca-doble-giratoria-con-rodamiento-de-rodillos,https://ss-cnt-001c.esmsv.com/r/content/host1/bdd8cf8fe5a4915516c7492d106a6977//img/products/mPcTNR5lFr-720.webp
Tornillos de rosca recirculantes,,RLD | Husillo de bolas laminado,rld-husillo-de-bolas-laminado,https://mraccesoriosindustriales.com.ar/rld-husillo-de-bolas-laminado,https://ss-cnt-001c.esmsv.com/r/content/host1/bdd8cf8fe5a4915516c7492d106a6977//img/products/gQcoIUddwq-720.webp
Tornillos de rosca recirculantes,,PABS | Husillos de precisión,pabs-husillos-de-precision,https://mraccesoriosindustriales.com.ar/pabs-husillos-de-precision,https://ss-cnt-001c.esmsv.com/r/content/host1/bdd8cf8fe5a4915516c7492d106a6977//img/products/FigJ6YRDi7-720.webp
Motorreductores,,Motorreductor Coaxial de Engranaje Helicoidal,motorreductor-coaxial-de-engranaje-helicoidal,https://mraccesoriosindustriales.com.ar/motorreductor-coaxial-de-engranaje-helicoidal,https://ss-cnt-001c.esmsv.com/r/content/host1/bdd8cf8fe5a4915516c7492d106a6977//img/products/MKTWATTGLOBALIMAGEGEAREDMOTORMASHELICAL515Wx515H-720.webp
Motorreductores,,Montaje por el eje / Motorreductor de Eje Paralelo,montaje-por-el-eje-motorreductor-de-eje-paralelo,https://mraccesoriosindustriales.com.ar/montaje-por-el-eje-motorreductor-de-eje-paralelo,https://ss-cnt-001c.esmsv.com/r/content/host1/bdd8cf8fe5a4915516c7492d106a6977//img/products/MKTWATTGLOBALIMAGEGEAREDMOTORMASPARALLELSHAFT515Wx515H-720.webp
Motorreductores,,Motorreductor de Corona y Rosca Sin Fin,motorreductor-de-corona-y-rosca-sin-fin,https://mraccesoriosindustriales.com.ar/motorreductor-de-corona-y-rosca-sin-fin,https://ss-cnt-001c.esmsv.com/r/content/host1/bdd8cf8fe5a4915516c7492d106a6977//img/products/MKTWATTGLOBALIMAGEGEAREDMOTORMASHELICALWORM515Wx515H-720.webp
Motorreductores,,Motorreductor Ortogonal de Engranaje Cónico Helicoidal,motorreductor-ortogonal-de-engranaje-conico-helicoidal,https://mraccesoriosindustriales.com.ar/motorreductor-ortogonal-de-engranaje-conico-helicoidal,https://ss-cnt-001c.esmsv.com/r/content/host1/bdd8cf8fe5a4915516c7492d106a6977//img/products/MKTWATTGLOBALIMAGEGEAREDMOTORMASHELICALBEVEL515Wx515H-720.webp
Mangueras Industriales,,Manguera Aire Agua,manguera-aire-agua,https://mraccesoriosindustriales.com.ar/manguera-aire-agua,https://ss-cnt-001c.esmsv.com/r/content/host1/bdd8cf8fe5a4915516c7492d106a6977//img/products/5ba706f2-6c90-45d9-a108-3d74a61c3e7d-720.webp
Mangueras Industriales,,Manguera Riego,manguera-riego,https://mraccesoriosindustriales.com.ar/manguera-riego,https://ss-cnt-001c.esmsv.com/r/content/host1/bdd8cf8fe5a4915516c7492d106a6977//img/products/b5b0d9f9-9989-4c88-a811-44dee8902e3f-720.webp
Mangueras Industriales,,Manguera Soldadura por Gases,manguera-soldadura-por-gases,https://mraccesoriosindustriales.com.ar/manguera-soldadura-por-gases,https://ss-cnt-001c.esmsv.com/r/content/host1/bdd8cf8fe5a4915516c7492d106a6977//img/products/69a2c209-b891-49dc-900e-45eb2c14279d-720.webp
Mangueras Industriales,,Manguera Para Gas,manguera-para-gas,https://mraccesoriosindustriales.com.ar/manguera-para-gas,https://ss-cnt-001c.esmsv.com/r/content/host1/bdd8cf8fe5a4915516c7492d106a6977//img/products/678a186e-2ad9-4bdc-aed0-147b6bf0dc87-720.webp
Mangueras Industriales,,Manguera Martillo Neumático,manguera-martillo-neumatico,https://mraccesoriosindustriales.com.ar/manguera-martillo-neumatico,https://ss-cnt-001c.esmsv.com/r/content/host1/bdd8cf8fe5a4915516c7492d106a6977//img/products/f4b582b4-084b-4489-9c11-b74db1e406fa-720.webp
Mangueras Industriales,,Mangueras Industriales,mangueras-industriales-2,https://mraccesoriosindustriales.com.ar/mangueras-industriales-2,https://ss-cnt-001c.esmsv.com/r/content/host1/bdd8cf8fe5a4915516c7492d106a6977//img/products/depositphotos11083293-stock-photo-hose-720.webp
Motores Eléctricos,,Motores Trifásicos,motores-trifasicos,https://mraccesoriosindustriales.com.ar/motores-trifasicos,https://ss-cnt-001c.esmsv.com/r/content/host1/bdd8cf8fe5a4915516c7492d106a6977//img/products/EUACanadaW22HighEfficiencPremiumTOPPremium225355NEMAPREMIUMEFFICIENCYB3RD515Wx515H-720.webp
Motores Eléctricos,,Motores Monofásicos,motores-monofasicos,https://mraccesoriosindustriales.com.ar/motores-monofasicos,https://ss-cnt-001c.esmsv.com/r/content/host1/bdd8cf8fe5a4915516c7492d106a6977//img/products/515Wx515Hnull-720.webp
Motores Eléctricos,,Motor con Freno,motor-con-freno,https://mraccesoriosindustriales.com.ar/motor-con-freno,https://ss-cnt-001c.esmsv.com/r/content/host1/bdd8cf8fe5a4915516c7492d106a6977//img/products/MKTWMOEUTEXTIMAGE3PHASEW21BRAKEMOTORALUMINIUMRAL5009132IE3515Wx515H-720.webp
Motores Eléctricos,,Motores Antiexplosivos,motores-antiexplosivos,https://mraccesoriosindustriales.com.ar/motores-antiexplosivos,https://ss-cnt-001c.esmsv.com/r/content/host1/bdd8cf8fe5a4915516c7492d106a6977//img/products/MKTWMOEUIMAGE3PHASEW22XDB3T160A200515Wx515H-720.webp
Motores Eléctricos,,Motores de Alta Eficiencia,motores-de-alta-eficiencia,https://mraccesoriosindustriales.com.ar/motores-de-alta-eficiencia,https://ss-cnt-001c.esmsv.com/r/content/host1/bdd8cf8fe5a4915516c7492d106a6977//img/products/MKTWMOEUIMAGE3PHASEW22WMININGRAL7030TEFC225SMB3TIE3515Wx515H-720.webp
Tuercas y arandelas,,Tuercas de Fijación,tuercas-de-fijacion,https://mraccesoriosindustriales.com.ar/tuercas-de-fijacion,https://ss-cnt-001c.esmsv.com/r/content/host1/bdd8cf8fe5a4915516c7492d106a6977//img/products/In32nof6aK-720.webp
Tuercas y arandelas,,Arandelas de Fijación,arandelas-de-fijacion,https://mraccesoriosindustriales.com.ar/arandelas-de-fijacion,https://ss-cnt-001c.esmsv.com/r/content/host1/bdd8cf8fe5a4915516c7492d106a6977//img/products/4curKuveDU-720.webp
Tuercas y arandelas,,Separadores FRB,separadores-frb,https://mraccesoriosindustriales.com.ar/separadores-frb,https://ss-cnt-001c.esmsv.com/r/content/host1/bdd8cf8fe5a4915516c7492d106a6977//img/products/smq8cUtk2E-720.webp
Tuercas y arandelas,,Tuercas hidráulicas HMV,tuercas-hidraulicas-hmv,https://mraccesoriosindustriales.com.ar/tuercas-hidraulicas-hmv,https://ss-cnt-001c.esmsv.com/r/content/host1/bdd8cf8fe5a4915516c7492d106a6977//img/products/0901d1968010a830pnghighpreview-720.webp
Equipos Industriales,,VÁLVULA DE CORTE STOP-FLOW® ALTO CAUDAL,valvula-de-corte-stop-flow-alto-caudal,https://mraccesoriosindustriales.com.ar/valvula-de-corte-stop-flow-alto-caudal,https://ss-cnt-001c.esmsv.com/r/content/host1/bdd8cf8fe5a4915516c7492d106a6977//img/products/Capturadepantalla2026-04-07120139-720.webp
Equipos Industriales,,SOPLETE CORTADOR CON ARRESTALLAMAS,soplete-cortador-con-arrestallamas,https://mraccesoriosindustriales.com.ar/soplete-cortador-con-arrestallamas,https://ss-cnt-001c.esmsv.com/r/content/host1/bdd8cf8fe5a4915516c7492d106a6977//img/products/Capturadepantalla2026-04-07120340-720.webp
Equipos Industriales,,VÁLVULA ARRESTALLAMAS ARRESTAFLOW,valvula-arrestallamas-arrestaflow,https://mraccesoriosindustriales.com.ar/valvula-arrestallamas-arrestaflow,https://ss-cnt-001c.esmsv.com/r/content/host1/bdd8cf8fe5a4915516c7492d106a6977//img/products/AF8325A-AF8327A-720.webp
Equipos Industriales,,SOPLÓN PETROLERO PARA PROPANO,soplon-petrolero-para-propano,https://mraccesoriosindustriales.com.ar/soplon-petrolero-para-propano,https://ss-cnt-001c.esmsv.com/r/content/host1/bdd8cf8fe5a4915516c7492d106a6977//img/products/miniatura-AF8218-720.webp
Equipos Industriales,,REGULADOR INDUSTRIAL DE CAUDAL R18 A PISTÓN,regulador-industrial-de-caudal-r18-a-piston,https://mraccesoriosindustriales.com.ar/regulador-industrial-de-caudal-r18-a-piston,https://ss-cnt-001c.esmsv.com/r/content/host1/bdd8cf8fe5a4915516c7492d106a6977//img/products/miniatura-AF1140-AF1180-1-1-720.webp
